{
  "top1": 0.9484536051750183,
  "top3": 1.0,
  "per_class": {
    "precision": [
      1.0,
      0.7,
      0.8888888888888888,
      1.0,
      1.0,
      1.0,
      1.0,
      1.0,
      1.0,
      0.9090909090909091
    ],
    "recall": [
      0.8181818181818182,
      1.0,
      0.8888888888888888,
      0.8,
      1.0,
      1.0,
      1.0,
      1.0,
      1.0,
      1.0
    ],
    "f1": [
      0.9,
      0.8235294117647058,
      0.8888888888888888,
      0.888888888888889,
      1.0,
      1.0,
      1.0,
      1.0,
      1.0,
      0.9523809523809523
    ]
  },
  "confusion_matrix": [
    [
      9,
      2,
      0,
      0,
      0,
      0,
      0,
      0,
      0,
      0
    ],
    [
      0,
      7,
      0,
      0,
      0,
      0,
      0,
      0,
      0,
      0
    ],
    [
      0,
      1,
      8,
      0,
      0,
      0,
      0,
      0,
      0,
      0
    ],
    [
      0,
      0,
      1,
      8,
      0,
      0,
      0,
      0,
      0,
      1
    ],
    [
      0,
      0,
      0,
      0,
      10,
      0,
      0,
      0,
      0,
      0
    ],
    [
      0,
      0,
      0,
      0,
      0,
      10,
      0,
      0,
      0,
      0
    ],
    [
      0,
      0,
      0,
      0,
      0,
      0,
      10,
      0,
      0,
      0
    ],
    [
      0,
      0,
      0,
      0,
      0,
      0,
      0,
      10,
      0,
      0
    ],
    [
      0,
      0,
      0,
      0,
      0,
      0,
      0,
      0,
      10,
      0
    ],
    [
      0,
      0,
      0,
      0,
      0,
      0,
      0,
      0,
      0,
      10
    ]
  ],
  "avg_latency_ms_per_clip": 67.28028359225391,
  "num_samples": 97
}